keyword,meaning_zh,topic,source_type,source_name,source_url,published_date,weight,example
energy security,能源安全,energy geopolitics,magazine,TIME,https://time.com/article/2026/04/03/energy-geopolitics-united-states-iran-china/,2026-04-04,high,Energy security has returned to the center of global politics.
geopolitical weapon,地緣政治武器,energy geopolitics,magazine,TIME,https://time.com/article/2026/04/03/energy-geopolitics-united-states-iran-china/,2026-04-04,high,Energy can become a geopolitical weapon during conflict.
economic fault line,經濟斷層;經濟風險分界,energy geopolitics,magazine,TIME,https://time.com/article/2026/04/03/energy-geopolitics-united-states-iran-china/,2026-04-04,medium,Energy prices have become an economic fault line.
global recession,全球衰退,global economy,magazine,TIME,https://time.com/article/2026/04/15/imf-global-recession-war-us-israel-iran-energy-hormuz/,2026-04-15,high,A broader conflict could raise the risk of a global recession.
supply disruption,供應中斷,global economy,magazine,TIME,https://time.com/article/2026/04/15/imf-global-recession-war-us-israel-iran-energy-hormuz/,2026-04-15,high,Supply disruption can affect prices around the world.
geopolitical fragmentation,地緣政治碎片化,global economy,magazine,TIME,https://time.com/article/2026/04/15/imf-global-recession-war-us-israel-iran-energy-hormuz/,2026-04-15,medium,Geopolitical fragmentation may weaken global growth.
financial market,金融市場,global economy,magazine,TIME,https://time.com/article/2026/04/15/imf-global-recession-war-us-israel-iran-energy-hormuz/,2026-04-15,medium,Financial markets can react quickly to political risk.
energy transition,能源轉型,energy policy,magazine,TIME,https://time.com/article/2026/04/24/geopolitics-energy-time100-summit/,2026-04-24,high,Energy transition is shaped by security and climate concerns.
international norms,國際規範,geopolitics,magazine,TIME,https://time.com/article/2026/04/24/geopolitics-energy-time100-summit/,2026-04-24,medium,International norms can weaken during geopolitical chaos.
systemic resilience,系統韌性,climate and economy,magazine,Economist Impact,https://events.economist.com/resilient-futures-summit/,2026-04-29,high,Systemic resilience helps societies handle shocks.
resource pressure,資源壓力,climate and economy,magazine,Economist Impact,https://events.economist.com/resilient-futures-summit/,2026-04-29,medium,Resource pressure can affect food, water, and energy systems.
rapid urbanisation,快速都市化,climate and cities,magazine,Economist Impact,https://events.economist.com/resilient-futures-summit/,2026-04-29,medium,Rapid urbanisation creates challenges for cities.
renewable energy,再生能源,energy policy,magazine,Economist Impact,https://events.economist.com/resilient-futures-summit/,2026-04-29,medium,Renewable energy is part of sustainable growth.
data center,資料中心,AI and climate,newspaper,The Guardian,https://www.theguardian.com/environment/environment%2Btechnology/computing,2026-05-02,high,AI data centers may increase electricity demand.
carbon emissions,碳排放,AI and climate,newspaper,The Guardian,https://www.theguardian.com/technology/2026/may/09/google-developers-significantly-misstate-carbon-emissions-of-proposed-uk-datacentres,2026-05-09,high,Carbon emissions remain a major climate concern.
climate pollution,氣候污染,AI and climate,newspaper,The Guardian,https://www.theguardian.com/technology/2026/may/09/google-developers-significantly-misstate-carbon-emissions-of-proposed-uk-datacentres,2026-05-09,medium,Climate pollution may be underestimated in planning documents.
emissions forecast,排放預測,AI and climate,newspaper,The Guardian,https://www.theguardian.com/environment/environment%2Btechnology/computing,2026-04-26,medium,Emissions forecasts affect climate planning.
fossil fuels,化石燃料,climate policy,newspaper,The Guardian,https://www.theguardian.com/technology/2026/apr/02/google-ai-datacenter,2026-04-02,high,AI growth can increase demand for fossil fuels.
gas turbine,燃氣渦輪機,AI and energy,newspaper,The Guardian,https://www.theguardian.com/environment/2026/feb/13/elon-musk-xai-datacenters-air-pollution-mississippi,2026-02-13,medium,Gas turbines can power large data centers.
extreme weather,極端天氣,climate crisis,newspaper,The Guardian,https://www.theguardian.com/environment/climate-crisis/2026/apr/24/all,2026-04-24,medium,Extreme weather can displace millions of people.
shipping emissions,航運排放,climate policy,newspaper,The Guardian,https://www.theguardian.com/environment/shipping-emissions,2026-05-01,medium,Shipping emissions are part of global climate talks.
AI chips,AI晶片,technology trade,newspaper,CommonWealth English / Reuters,https://english.cw.com.tw/article/article.action?id=4773,2026-05-15,high,AI chips have become central to technology competition.
trade truce,貿易休兵,US-China relations,newspaper,CommonWealth English / Reuters,https://english.cw.com.tw/article/article.action?id=4773,2026-05-15,medium,The two sides tried to preserve a fragile trade truce.
rare earth,稀土,critical supply chains,newspaper,CommonWealth English / Reuters,https://english.cw.com.tw/article/article.action?id=4773,2026-05-15,high,Rare earth supply restrictions can affect technology firms.
tariff,關稅,global trade,newspaper,CommonWealth English / Reuters,https://english.cw.com.tw/article/article.action?id=4773,2026-05-15,medium,Tariffs can raise costs for consumers and companies.
networking supercycle,網路設備超級週期,AI infrastructure,newspaper,CommonWealth English / Reuters,https://english.cw.com.tw/article/article.action?id=4773,2026-05-15,medium,AI demand may create a networking supercycle.
technology competition,科技競爭,technology trade,newspaper,CommonWealth English / Reuters,https://english.cw.com.tw/article/article.action?id=4773,2026-05-15,high,Technology competition shapes trade policy.
AI infrastructure,AI基礎建設,technology,magazine,TIME Magazine,https://www.zinio.com/publications/time/6049/issues/710325,2026-05-11,high,AI infrastructure requires large investments.
market capitalization,市值,business,magazine,TIME Magazine,https://www.zinio.com/publications/time/6049/issues/710325,2026-05-11,medium,Market capitalization reflects a company's total market value.
citizenship information,公民身分資訊,policy and banking,magazine,TIME Magazine,https://www.zinio.com/publications/time/6049/issues/710325,2026-05-11,low,Banks may be asked to collect citizenship information.
AI compute,AI算力,technology,magazine,Economist Impact,https://events.economist.com/ai-compute/programme/,2026-05-19,high,AI compute demand can affect energy and infrastructure planning.
climate target,氣候目標,AI and climate,magazine,Economist Impact,https://events.economist.com/ai-compute/programme/,2026-05-19,medium,AI growth may make climate targets harder to meet.
critical supply chain,關鍵供應鏈,trade and technology,newspaper,CommonWealth English / Reuters,https://english.cw.com.tw/article/article.action?id=4773,2026-05-15,high,Critical supply chains are vulnerable to trade restrictions.
